{
    "ee_action_seq": [
        [
            -0.41511136696691264,
            -0.1763704014745459,
            0.4630874953984658,
            -0.027340177440062022,
            0.0001427006405588569,
            -0.00027769456353051987,
            0.0
        ],
        [
            -0.4205749279039336,
            -0.1666058043169208,
            0.41317814789844454,
            -0.02726447618707135,
            0.07891052999038083,
            0.0019081304153003636,
            0.0
        ],
        [
            -0.4260384888409546,
            -0.1568412071592957,
            0.36326880039842335,
            -0.02701922032662843,
            0.15718762392887248,
            0.0040820889529308325,
            0.0
        ],
        [
            -0.4315020497779756,
            -0.1470766100016706,
            0.31335945289840217,
            -0.02660593507641422,
            0.2344871863098626,
            0.006230661453974709,
            0.0
        ],
        [
            -0.4369656107149966,
            -0.13731201284404548,
            0.263450105398381,
            -0.026027190609348435,
            0.3103285001422816,
            0.008340486195855782,
            0.0
        ],
        [
            -0.44242917165201756,
            -0.12754741568642033,
            0.21354075789835972,
            -0.025286586069982957,
            0.38423991711323724,
            0.010398442423807006,
            0.0
        ],
        [
            -0.44789273258903867,
            -0.11778281852879521,
            0.16363141039833856,
            -0.02438872719184031,
            0.4557617907140358,
            0.012391731947318865,
            0.0
        ],
        [
            -0.45335629352605966,
            -0.10801822137117006,
            0.11372206289831738,
            -0.02333919765489244,
            0.5244493347283781,
            0.014307958730598164,
            0.0
        ],
        [
            -0.4588198544630808,
            -0.09825362421354493,
            0.06381271539829617,
            -0.022144524361304128,
            0.589875389306124,
            0.01613520598207337,
            0.0
        ],
        [
            -0.4642834154001019,
            -0.08848902705591977,
            0.013903367898274954,
            -0.020812136845387266,
            0.6516330774207372,
            0.01786211026353586,
            1.0
        ]
    ],
    "stage": 1
}