{
    "ee_action_seq": [
        [
            -0.3012195446795992,
            -0.1036448564386687,
            0.47640615845161227,
            0.9999354268951308,
            -0.005805703048067586,
            -0.008796184500093245,
            0.004250057694973038,
            0.0
        ],
        [
            -0.3220291033461382,
            -0.08306488334077408,
            0.4266738841784924,
            0.9999354268951308,
            -0.005805703048067508,
            -0.008796184500093333,
            0.004250057694973048,
            0.0
        ],
        [
            -0.3428386620126771,
            -0.06248491024287946,
            0.37694160990537245,
            0.9999354268951308,
            -0.005805703048067432,
            -0.008796184500093422,
            0.004250057694973058,
            0.0
        ],
        [
            -0.363648220679216,
            -0.041904937144984854,
            0.3272093356322524,
            0.9999354268951308,
            -0.005805703048067388,
            -0.008796184500093462,
            0.004250057694973065,
            0.0
        ],
        [
            -0.3844577793457549,
            -0.0213249640470903,
            0.2774770613591325,
            0.9999354268951308,
            -0.005805703048067403,
            -0.00879618450009342,
            0.004250057694973067,
            0.0
        ],
        [
            -0.4052673380122938,
            -0.0007449909491957698,
            0.22774478708601253,
            0.9999354268951308,
            -0.005805703048067451,
            -0.00879618450009333,
            0.004250057694973067,
            0.0
        ],
        [
            -0.42607689667883275,
            0.019834982148698745,
            0.17801251281289251,
            0.9999354268951308,
            -0.0058057030480675,
            -0.00879618450009324,
            0.004250057694973065,
            0.0
        ]
    ],
    "stage": 1
}