{
    "ee_action_seq": [
        [
            -0.3332141945361389,
            -0.03185556814922614,
            0.4688147124641244,
            -0.00017115201453056535,
            -0.027278174868321972,
            -8.49132549388947e-05,
            0.0
        ],
        [
            -0.33921799934982205,
            -0.043986202187510676,
            0.491650510331382,
            -0.011496059831168106,
            0.2497431161500948,
            -0.01768072416546564,
            0.0
        ],
        [
            -0.34552824445299496,
            -0.05482017871973888,
            0.5149594324958546,
            -0.018183154787218995,
            0.4774694295968983,
            -0.028055440031409872,
            0.0
        ],
        [
            -0.35214492984565754,
            -0.06435749774591076,
            0.5387414789575424,
            -0.011626178934290424,
            0.5861147241709451,
            -0.017762286413986344,
            0.0
        ],
        [
            -0.35906805552780985,
            -0.07259815926602631,
            0.5629966497164451,
            -0.00028208505851263013,
            0.6519215242224017,
            3.0860825091833224e-06,
            0.0
        ]
    ],
    "stage": 1
}